gene_symbol,log2fc,pvalue,padj
SNORD116-28,-0.7781361354926722,0.038559632,0.038559632
GTF2IP4,0.433220344768025,0.03407698,0.03407698
LOC100128340,-1.0675006093037969,0.016213801,0.016213801
LINC01349,1.9407951868904134,0.004696585,0.004696585
THCAT155,1.0606681182474957,0.045933387,0.045933387
LINC01546,-1.7831678180163335,0.039607536,0.039607536
FGF13-AS1,0.9483983686028052,0.04971076,0.04971076
HMGA2-AS1,1.1922610056587613,0.029438786,0.029438786
MAPT-IT1,1.0743070740805873,0.031873379,0.031873379
WAKMAR2,0.9672972259950643,0.043723722,0.043723722
LINC01387,2.1971233361296854,0.025219924,0.025219924
LOC100132062,-0.42072224439828537,0.039697569,0.039697569
CALML3-AS1,-2.1568766863714037,0.027834576,0.027834576
LOC100132287,-0.46604147823521447,0.037560805,0.037560805
FGD5P1,0.9998453788083296,0.002396795,0.002396795
IPO5P1,0.357964137090355,0.039448697,0.039448697
TNIP2P1,3.1502227518598636,0.038877419,0.038877419
FAM27C,-0.6402783392540564,0.041996312,0.041996312
FAM95B1,0.6493766375169074,0.02360769,0.02360769
LY6E-DT,0.5193330926980332,0.003991651,0.003991651
NDUFB2-AS1,0.25379600957966747,0.036358415,0.036358415
UBE2Q2P2,-0.4150374992788438,0.028663586,0.028663586
BCL2L11,0.4075370377459213,0.003619064,0.003619064
EML2-AS1,0.3477403094445411,0.030093636,0.030093636
LOC100287467,-0.4353934397913245,0.039569071,0.039569071
LINC02106,1.7132181240973277,0.027909152,0.027909152
SMIM10L2B-AS1,-1.7257844389169366,0.004807493,0.004807493
LOC100288637,-0.7126801291423669,0.019133368,0.019133368
LOC100289495,0.44992244556857625,0.041569208,0.041569208
MIR1231,1.148948191146643,0.042625868,0.042625868
MIR1179,2.5900198162625605,0.043523412,0.043523412
MIR4263,1.7267774327075167,0.028380892,0.028380892
MIR3134,-1.489006218268627,0.047311029,0.047311029
SH2D3C,0.5592669692223812,0.037445177,0.037445177
CDH7,1.5227864895341676,0.012742939,0.012742939
PRKAG2-AS1,0.44490075391099115,0.047752976,0.047752976
LINC02520,1.008657034191577,0.02615253,0.02615253
GOLGA7B-DT,1.431409889343508,0.042319843,0.042319843
LOC100506446,2.9771437239112144,0.036094327,0.036094327
LINC02274,0.8845107979423561,0.048466566,0.048466566
PRKG1-AS1,0.6944936386711217,0.025120678,0.025120678
LOC100507002,-0.3923060671002793,0.022236155,0.022236155
VIM-AS1,-0.6270724269982686,0.022173506,0.022173506
LOC100507351,0.7930024980869914,0.038923544,0.038923544
MICA,-1.2663732244506822,0.020537652,0.020537652
LOC100507560,1.285081433177908,0.018192523,0.018192523
LINC00658,1.4160816404868752,0.021039501,0.021039501
RNF212B,0.7282475889127118,0.003049936,0.003049936
LINC02554,1.1236793210126594,0.040625971,0.040625971
SMC4,-0.39561248551794814,0.037501798,0.037501798
CCDC169-SOHLH2,0.8271750845660075,0.007844539,0.007844539
SMIM35,0.5982608615378938,0.011209996,0.011209996
NEDD8-MDP1,0.1948965123595962,0.048581534,0.048581534
LRRC37A8P,1.7011471404225889,0.044218943,0.044218943
MIR4804,-1.28388969253668,0.032119287,0.032119287
MIR4709,-0.4695525277744294,0.02245209,0.02245209
MIR4673,-1.795819369209118,0.047530374,0.047530374
MIR4485,-1.9247504619297555,0.040486954,0.040486954
MIR5006,0.4299552954383239,0.03828829,0.03828829
MIR5587,-3.270612309840321,0.036159754,0.036159754
MIR5187,0.43025389950657256,0.03648656,0.03648656
LRRC3-DT,0.6623317237940625,0.003361623,0.003361623
LNX1-AS2,1.6986955770476808,0.029650243,0.029650243
DLEU7-AS1,1.218503552292871,0.039791539,0.039791539
LINC00365,1.2390784696936343,0.049458025,0.049458025
LINC00443,1.6567269169943941,0.015026534,0.015026534
ALDH1L1-AS1,-1.4418417151050942,0.014966119,0.014966119
IQCJ-SCHIP1-AS1,0.5883624034027413,0.03597391,0.03597391
ARPC5,0.1768531273010485,0.01801173,0.01801173
FAM230H,0.9072784153096031,0.038045359,0.038045359
LINC01664,1.384000402211827,0.006347404,0.006347404
FAM230D,1.141689220588842,0.039903768,0.039903768
FAM230F,1.3940491235597086,0.015366996,0.015366996
LINC02802,-0.4485381642476972,0.01066115,0.01066115
C4orf46P3,0.5252930212860124,0.045099958,0.045099958
TOB1,-0.43717726023413317,0.033038737,0.033038737
YTHDF3-DT,-0.4142771204869626,0.012375572,0.012375572
MMP24OS,0.4548509270474898,0.038892219,0.038892219
VPS33B-DT,0.6546843705315127,0.034722513000000003,0.034722513000000003
VIRMA-DT,0.6509579316163854,0.011843342,0.011843342
LOC101927042,-1.431470775138959,0.049825845,0.049825845
FAM111A-DT,-0.4367718134411047,0.039810269,0.039810269
LOC101927397,-1.9006791593506331,0.026668867,0.026668867
LOC101927410,1.6885879607318217,0.045435714,0.045435714
LINC01903,1.3830913493863748,0.016920907,0.016920907
QKILA,-1.5393761566830249,0.0393555,0.0393555
LOC101927588,0.5442199049342836,0.039971705,0.039971705
LOC101927602,-1.8712635471398054,0.039135359,0.039135359
LOC101927647,-0.7772713264624938,0.034708794,0.034708794
HSFX4,0.6691514570623226,0.015717593,0.015717593
LINC01524,2.732473468269313,0.021084023,0.021084023
SATB1-AS1,0.6112194371081214,0.047539026,0.047539026
LINC00368,1.0591204141923096,0.034599886,0.034599886
SLIT3-AS2,0.7394813411465454,0.032255798,0.032255798
CBLL1-AS1,0.32563279971508285,0.004721448,0.004721448
PSMD7-DT,2.0272792218132096,0.008358673,0.008358673
LOC101928263,-0.8806302945619019,0.021257591,0.021257591
PABPC1L2B-AS1,0.6330226975409897,0.044560286,0.044560286
LOC101928466,0.615107067833147,0.007397863,0.007397863
ZNF649-AS1,0.32376365752037284,0.020127745,0.020127745
P4HA3-AS1,-0.6853551350606812,0.010527563,0.010527563
SLC7A14-AS1,0.5740796341956312,0.032690377,0.032690377
CRADD-AS1,2.6721511973056873,0.01194707,0.01194707
PEX5L-AS2,1.1370274279729728,0.019134882,0.019134882
LINC01649,0.7550238742144666,0.004739508,0.004739508
GTF2IP13,-0.3660776938199174,0.046992557,0.046992557
LINC01388,-1.6697498912325797,0.007401339,0.007401339
MMADHC-DT,0.41825421216802694,0.010381129,0.010381129
LOC101929359,2.823073112356825,0.029861618,0.029861618
LINC01648,1.0023930639367786,0.048600868,0.048600868
PTPRD-AS1,0.7708839024908362,0.049936676,0.049936676
PTPRD-DT,1.0359524330991443,0.019461332,0.019461332
THBS2-AS1,0.6122867254588421,0.033941356,0.033941356
LOC101929536,-2.927400157123144,0.002676024,0.002676024
LINC01990,0.8904132062011797,2.19438e-4,2.19438e-4
SCIRT,0.5075828575694906,0.032341687,0.032341687
LOC101929750,1.0868830757041767,0.020690003,0.020690003
TSHZ1,0.5356935955822477,0.041742234,0.041742234
FLOT1,0.3979543586034353,0.023431908,0.023431908
OLIG2,0.8642738388261846,0.025358654,0.025358654
CALCOCO2,-0.2962910048092743,0.034729482,0.034729482
TIMM17B,0.19207580387370687,0.033999352,0.033999352
MIR6511B1,0.8649553473261592,0.033127595,0.033127595
MIR6748,0.4825824485982023,0.024405472,0.024405472
MIR486-2,0.8627084781980697,0.012209047,0.012209047
MIR6774,-2.0423691644954243,0.04743317,0.04743317
IRX5,1.3315448483352528,0.024945387,0.024945387
CDKN1B,-0.2073788287470363,0.042564576,0.042564576
LHX1-DT,0.858821786761419,0.037846725,0.037846725
LOC102723506,-1.0669993171149328,0.044261181,0.044261181
LOC102723512,0.9994898435371199,0.020160467,0.020160467
LMNB1-DT,1.8318268602664654,0.0295652,0.0295652
LOC102723678,0.7276352784127131,0.020243287,0.020243287
LOC102723752,0.9064101466433352,0.047916409,0.047916409
LINC02362,0.7638812276233565,0.024321004,0.024321004
LOC102723795,1.2107680021379779,0.029453528,0.029453528
LOC102723814,0.6536914949006958,0.049326034,0.049326034
LOC102723870,0.5305974895070953,0.030786447,0.030786447
LOC102724151,0.5777375161575451,0.023986178,0.023986178
PCMTD1-DT,0.22791379835403153,0.031846762,0.031846762
LOC102724382,1.4523084273883706,0.006268234,0.006268234
LOC102724521,-0.7933233843887029,0.024100636,0.024100636
LOC102724608,-1.5142660268992476,0.049316143,0.049316143
LOC102724900,3.742967336907194,0.00356558,0.00356558
LOC102724948,-0.5848754583416886,0.018303688,0.018303688
LOC102724965,0.26278852680472004,0.031256006,0.031256006
LOC102725227,1.3415173097745146,0.043237441,0.043237441
PKDREJ,0.5297501195805154,0.008625464,0.008625464
NPM2,0.6877090179337233,0.036998077,0.036998077
LINC01201,0.8687510989215493,0.01504456,0.01504456
TXNDC12-AS1,0.8528304649263188,0.041881148,0.041881148
PFDN6,0.16907618549624295,0.044031675,0.044031675
LINC02210-CRHR1,0.34957753632240784,0.043850787,0.043850787
LOC105369212,1.233962244811024,0.027410066,0.027410066
LOC105369299,0.47446466063848614,0.047126181,0.047126181
LOC105369304,1.0194197633024145,0.041860229,0.041860229
LOC105369313,0.6111496858711138,0.04048332,0.04048332
LOC105369315,0.8793815343212531,0.025973025,0.025973025
TPBGL-AS1,0.8411628662653333,5.05e-5,5.05e-5
LOC105369389,1.1136389319735387,0.010194913,0.010194913
LOC105369519,-1.0249891177351385,0.025322347,0.025322347
LOC105369616,1.0088341968925019,0.039050511,0.039050511
LOC105369617,1.3235452664574485,0.027678293,0.027678293
LOC105369632,0.373627131269584,0.043252992,0.043252992
LOC105369714,0.9254069794992079,0.0374485,0.0374485
LOC105369752,-0.49719589721665985,0.049468221,0.049468221
LOC105369763,2.1589895236074783,0.002064088,0.002064088
LOC105369847,-2.1390996057612335,0.026247951,0.026247951
LOC105369890,1.2185770040872461,0.04533237,0.04533237
LINC02404,-2.056859108976257,0.027902059,0.027902059
LOC105369965,1.0883225182116887,0.002842709,0.002842709
LOC105370044,1.514299796832029,0.006156887,0.006156887
LOC105370091,0.46685964782094647,0.004650264,0.004650264
LOC105370094,1.3121238493834437,0.04757751,0.04757751
LOC105370109,-1.629748984004276,0.024817689,0.024817689
LOC105370170,0.8278179362965374,0.007176293,0.007176293
LOC105370247,1.9261373973861062,0.025397598,0.025397598
OXA1L-DT,1.1561806589546058,0.045146649,0.045146649
LOC105370504,-0.5964524841362606,0.048549241,0.048549241
LOC105370518,0.7480823246625765,0.012844044,0.012844044
LOC105370519,1.0365858911610084,0.004788918,0.004788918
LOC105370589,0.8496132779097824,0.039437765,0.039437765
LOC105370763,2.0114753193083312,0.048284053,0.048284053
LOC105370772,2.471571227103045,0.036456839,0.036456839
LOC105370886,2.479789119643951,0.042984143,0.042984143
LOC105370997,0.7798041052596075,0.03743587,0.03743587
LOC105371075,3.444346117625058,3.77193e-4,3.77193e-4
LOC105371191,-0.9605032725128976,0.029781084,0.029781084
LIX1L-AS1,0.2003479963044376,0.025367072,0.025367072
LOC105371265,1.8131226565829925,0.019209218,0.019209218
LOC105371508,-1.9252130833438674,0.040477581,0.040477581
LOC105371611,1.661659969369122,0.006038496,0.006038496
LOC105371659,0.9282837507593874,0.04382081,0.04382081
LOC105371665,1.207122878470168,0.038812129,0.038812129
LOC105371737,1.0572179908483599,0.016909568,0.016909568
LOC105371932,0.5859938810964699,0.043710206,0.043710206
LOC105371972,2.295419787833215,2.04732e-4,2.04732e-4
LOC105371976,-1.6700913272945923,0.020626178,0.020626178
LOC105371995,1.0682540038392696,0.002907525,0.002907525
LOC105372106,1.8214196139278527,0.036385204,0.036385204
LOC105372126,2.50887453359064,0.010520992,0.010520992
LOC105372173,3.500736955709892,0.024587721,0.024587721
LOC105372353,1.5498400570115463,0.030170896,0.030170896
LOC105372358,1.4251248604646043,0.026370168,0.026370168
LOC105372420,-1.251521750164817,0.045729822,0.045729822
LOC105372437,0.5335205730428605,0.021155964,0.021155964
LOC105372484,0.7594754800027042,0.024342776,0.024342776
NXT1-AS1,0.6442132820805896,0.04182974,0.04182974
LOC105372585,1.0510245161837604,0.030891066,0.030891066
LOC105372666,0.6738760545254288,0.01046531,0.01046531
LOC105372760,2.4392813434931617,0.041460969,0.041460969
LOC105372768,1.33238363891936,0.031174135,0.031174135
LOC105372821,-3.055005723916367,0.021277703,0.021277703
DYRK3-AS1,0.5680414430895301,0.025667317,0.025667317
LOC105372901,-0.8941367058962081,0.029873847,0.029873847
LOC105373015,3.331238788646597,0.013031897,0.013031897
LINC02765,1.7959202895559538,0.021460512,0.021460512
LOC105373178,2.735843061321896,0.005463864,0.005463864
LOC105373220,2.569114960089608,0.009190108,0.009190108
LOC105373373,0.7275760716639232,0.034232649,0.034232649
LOC105373393,-1.1679609039882837,0.002639241,0.002639241
LOC105373429,1.3804717903016261,0.004544689,0.004544689
LOC105373712,-2.5576779188293925,0.023738206,0.023738206
LOC105373756,2.913195346492,0.007552812,0.007552812
STAT4-AS1,0.6044197901953621,0.016100837,0.016100837
LOC105373954,2.684306186204771,0.013267038,0.013267038
LOC105374107,-1.9946496403830953,0.034652437,0.034652437
PLS1-AS1,1.3666775710736188,0.039012848,0.039012848
LOC105374200,1.4509693714721326,0.04909702,0.04909702
LINC02054,2.4863167742986745,0.039853921,0.039853921
LOC105374338,0.6508961728467428,0.033852151,0.033852151
LOC105374496,1.5655978786804892,0.040971947,0.040971947
LOC105374589,2.7353516605952675,0.005474246,0.005474246
LINC01805,1.1348442714956677,0.038742304,0.038742304
NQO2-AS1,0.5779423701400062,0.030051615,0.030051615
LOC105375010,1.4353250473514514,0.046891492,0.046891492
LOC105375069,2.7574070182858574,0.016913529,0.016913529
LOC105375397,-1.7262809979087388,0.040589699,0.040589699
PRKAR2B-AS1,1.8496103621224964,3.97742e-4,3.97742e-4
LOC105375542,1.3731030115163496,0.013063385,0.013063385
LOC105375689,2.8055994934449813,0.005620979,0.005620979
LOC105375741,0.8497173241061116,0.011744301,0.011744301
SLC45A4-AS1,0.8428687211009276,0.018205746,0.018205746
LOC105375873,1.1053980854295844,0.02041924,0.02041924
LOC105375957,-0.18948032573363469,0.030721821,0.030721821
LOC105376030,1.428623698506432,0.039739273,0.039739273
LOC105376093,-1.8425582023556715,0.031970779,0.031970779
LOC105376131,-2.085807609706647,0.015193968,0.015193968
HSD17B3-AS1,1.342366270318011,0.033132571,0.033132571
LOC105376176,1.922889968891897,0.018109485,0.018109485
LOC105376183,3.3760240367477468,0.029012511,0.029012511
LOC105376333,-0.7775230556981151,0.036643784,0.036643784
LOC105376536,1.0429228830235893,0.03571333,0.03571333
LOC105376806,-0.4206191960245196,0.007618416,0.007618416
LOC105376963,0.9563743672902153,0.015608271,0.015608271
LOC105376978,1.0622632542143147,0.039367548,0.039367548
LOC105377124,-1.1306780482915064,0.034421512,0.034421512
LOC105377299,-3.2279413659137353,0.001771964,0.001771964
PRDM8-AS1,0.8014782142880229,0.002956293,0.002956293
NEUROG2-AS1,1.3765794313415887,0.015718277,0.015718277
LOC105377406,2.6638884659398885,0.023936752,0.023936752
LOC105377488,1.0229248993182807,0.028665537,0.028665537
LOC105377492,2.0616404558859864,0.012710943,0.012710943
HAFML,2.0498895232371,0.001870922,0.001870922
LOC105377559,1.1147220774864446,0.048602253,0.048602253
FABP6-AS1,1.8357612813836632,0.007400569,0.007400569
LOC105377694,3.5971015470668726,0.037989219,0.037989219
LOC105378144,-2.471151382288404,0.014019854,0.014019854
LOC105378178,2.084577849014748,0.019138407,0.019138407
LOC105378313,1.5854102331992397,0.018780005,0.018780005
LOC105378314,1.5647900795567975,0.010483115,0.010483115
SYNPO2L-AS1,0.468303089484008,0.030258606,0.030258606
LOC105378379,1.3990448974747476,0.033912371,0.033912371
LINC02641,1.3254688347511614,0.00762792,0.00762792
JAKMIP3-AS1,0.7051500618173979,0.027010394,0.027010394
LOC105378764,4.484945755021096,0.022716571,0.022716571
LOC105378847,-2.051442795813022,0.005859094,0.005859094
SV2C-AS1,1.069308045358904,0.009219806,0.009219806
EDIL3-DT,0.6740899144665513,0.016773213,0.016773213
LOC105379176,1.6088351802071394,0.003842303,0.003842303
CTB-49A3.2,0.8933772123842413,0.011271162,0.011271162
LOC105379222,1.90291525814361,0.014724393,0.014724393
LOC105379252,0.6535816508591633,0.032906887,0.032906887
LOC105379329,1.4782202092014511,8.14127e-4,8.14127e-4
LOC105379437,-1.352178314678957,0.042916754,0.042916754
FAM242E,-0.9463204022940895,0.031233887,0.031233887
LINC01670,0.9692413900370888,0.011644916,0.011644916
LOC105379499,0.770617492746173,0.003889497,0.003889497
LOC105379507,-0.37801183230547447,0.020698639,0.020698639
LOC105379841,-1.0874445245497029,0.04013741,0.04013741
ERN2,1.1199718854979495,0.024049153,0.024049153
PAICS,-0.28216434398980555,0.007745969,0.007745969
KCNK15-AS1,0.47619314857844175,0.001750363,0.001750363
ARID3B,0.4009966467878855,0.035542831,0.035542831
MTX2,0.15104036226261958,0.034003219,0.034003219
DCTN6,0.13514582023371569,0.047817242,0.047817242
ARPP21,1.2204072379209714,0.027476666,0.027476666
LOC107983981,1.8806332448849374,0.019977915,0.019977915
LOC107984019,1.0184954907270725,0.005228719,0.005228719
LOC107984214,1.116676963904753,0.049386221,0.049386221
LOC107984242,-1.3317722478259637,0.011210157,0.011210157
LOC107984402,1.5897611307409198,0.017109114,0.017109114
LOC107984406,-0.6140652931053024,0.038122911,0.038122911
LOC107984577,1.3359281806178602,0.045765371,0.045765371
LOC107984589,2.4594498623188166,0.001212476,0.001212476
LOC107984776,2.3928575840074284,0.00534079,0.00534079
KCTD13-DT,0.4537329810111752,0.024357436,0.024357436
LOC107984934,2.525239984027531,0.047582882,0.047582882
LOC107985005,-1.6366145013357838,0.042932277,0.042932277
LOC107985134,2.3149802873172223,0.031678233,0.031678233
LOC107985144,2.7398241595942214,3.80047e-4,3.80047e-4
LOC107985176,2.406024649551565,0.009344593,0.009344593
LOC107985301,2.1737413915652986,0.030263638,0.030263638
LOC107985306,1.9797867790786858,0.014265103,0.014265103
LOC107985502,0.9315911051050467,0.041493989,0.041493989
LOC107985584,1.1038677117450373,0.008008291,0.008008291
LOC107985695,0.5371061387610959,0.027623292,0.027623292
LOC107985728,0.5690497726879354,0.047472466,0.047472466
LOC107985736,1.1464819123667775,0.008029154,0.008029154
LOC107985909,1.3944479515207486,0.036305802,0.036305802
LOC107985911,0.8126909088783584,0.046071561,0.046071561
LOC107985959,1.2872890050586496,0.034637305,0.034637305
LOC107986027,2.118657078547879,0.002498318,0.002498318
LINC02600,0.8758271193181126,0.003508861,0.003508861
LOC107986299,0.5825692217973456,0.012228712,0.012228712
LOC107986392,1.1574940473028301,0.048473427,0.048473427
LOC107986453,2.060736895950761,0.00642632,0.00642632
LOC107986463,-1.5784995144783711,0.020281467,0.020281467
LOC107986468,-0.6246076436548623,0.010494329,0.010494329
ZFAND3-DT,1.24510666746579,0.009617022,0.009617022
LOC107986623,2.398743691938193,0.031714699,0.031714699
LOC107986710,0.4943551301247661,0.006804989,0.006804989
LOC107986872,0.680568745338549,0.014926969,0.014926969
LOC107986918,1.3108102898574205,0.001182345,0.001182345
LINC02055,-1.7573660438143572,0.047945212,0.047945212
LOC107987016,1.386197816460188,0.012840678,0.012840678
LOC107987065,2.3813529998275587,0.04821486,0.04821486
CT70,1.4860810667257418,0.016641645,0.016641645
LOC107987264,0.31346743505075025,0.04272203,0.04272203
LOC107987389,1.261079372728455,0.001435482,0.001435482
CPLX2,0.6035485509920049,0.040127206,0.040127206
OR7E12P,-0.9141953218450793,0.034440436,0.034440436
GPR83,1.5787010629348017,0.012534472,0.012534472
GADD45G,0.6295415315386281,0.017986221,0.017986221
MAGED2,0.15741757719959892,0.040461497,0.040461497
APOBEC2,-0.6389029249909575,0.011893293,0.011893293
PDIA5,-0.4301522175971206,0.037344512,0.037344512
SNORA74C-2,1.6788505586609388,0.031233943,0.031233943
ADAMTS8,-1.1783498937495023,0.042503271,0.042503271
LINC02574,1.9682562540581148,0.041538549,0.041538549
CHI3L1,1.1017348705917591,0.047430227,0.047430227
CHI3L2,-1.256852233685941,0.019157252,0.019157252
LINC02814,1.6597048447847287,0.031418436,0.031418436
LOC112267988,0.6046183212399113,0.016296602,0.016296602
LOC112268148,0.1641039344025008,0.026189078,0.026189078
LOC112268289,0.46953833238657505,0.022757768,0.022757768
ZHX1,0.2793217194911817,0.013456572,0.013456572
TMEM271,0.5738471885671296,0.046832051,0.046832051
USP18,-0.48621188876353677,0.028054529,0.028054529
PLCD3,-0.5205177280624586,0.019398886,0.019398886
SLCO2B1,1.2788776360001213,3.06452e-4,3.06452e-4
MIR12119,0.454692569806695,0.003593667,0.003593667
SCRG1,0.9828238634488798,0.024103568,0.024103568
LINC00313,0.7420968799991309,0.041297445,0.041297445
ZNF71-SMIM17,0.5510688110493508,2.23e-5,2.23e-5
CIDEA,-1.4436027894438674,0.031952281,0.031952281
C1QTNF5,-0.684920062464085,0.022305963,0.022305963
TMEM123,-0.21458260166167753,0.030262499000000002,0.030262499000000002
SLC25A26,-0.4690914051974567,0.01911161,0.01911161
FANCD2OS,-0.7422116589024611,0.019756342,0.019756342
SLC22A12,2.1021476478006114,0.010763092,0.010763092
CYYR1,-0.6904791508830801,0.032759495,0.032759495
OLIG1,1.2624927519135527,0.021520461,0.021520461
MRGPRE,0.8605064408633073,0.021741278,0.021741278
OLFM3,0.7344846955040631,0.031241022,0.031241022
MORN4,0.3326706507687092,0.028204619,0.028204619
MMP21,2.9403376761287667,0.003657121,0.003657121
CLNS1A,-0.16878028801974293,0.016763872,0.016763872
OR2D2,1.7539073716200446,0.039587535,0.039587535
DEPDC4,0.2543903111601061,0.018511028,0.018511028
C15orf40,0.15462246237046876,0.038951915,0.038951915
CCR7,0.9754844238006952,0.026835771,0.026835771
SLC43A2,0.4037812085649194,0.007896919,0.007896919
EDARADD,0.42166659833343156,0.025564472,0.025564472
COL6A1,-0.48274328144197437,0.032355867,0.032355867
CMPK2,0.8394372615216488,0.01258517,0.01258517
SPATA18,-0.3166315087858282,0.011816813,0.011816813
ARL9,-0.3971848423055821,0.026034882,0.026034882
C5orf47,0.8149479520629452,0.022561286,0.022561286
NADK2,-0.3276978330079656,0.036269985,0.036269985
COX6C,0.35447052901161114,0.017601308,0.017601308
C7orf57,-0.7744148857864221,0.00992963,0.00992963
CPS1,2.2056260836756656,0.01071308,0.01071308
TMEM68,-0.2431705452079049,0.049676059,0.049676059
NRSN1,0.6089621290297039,0.042304964,0.042304964
ACSM6,1.1512208116312959,0.040532675,0.040532675
SPMIP5,0.5569696927754918,0.004453014,0.004453014
CSF1,-0.5379713552117477,0.007908645,0.007908645
LOC143666,0.47427389780289336,0.008914487,0.008914487
ADRA1D,1.2372012204301746,0.001199722,0.001199722
CARMIL2,0.4828838415788622,0.046645085,0.046645085
SMIM17,0.6939479039545869,0.001801126,0.001801126
PPM1N,0.611182348064208,0.039119717,0.039119717
FAM98C,0.31036363634966413,0.048293948,0.048293948
SYT6,0.6626075439322846,0.010983539,0.010983539
NBPF4,1.2616531223160874,0.0445592,0.0445592
MOB3C,-0.26960705896676224,0.035713858,0.035713858
ADRA2A,0.4399242291679192,0.032516872,0.032516872
METTL21A,-0.23545807940915708,0.033910451,0.033910451
SLC16A14,0.5723374552389918,0.023222063,0.023222063
LBX2-AS1,-0.5056109139290699,0.029587457,0.029587457
CPNE9,0.7075264562263578,0.033230303,0.033230303
MB21D2,0.7077512497426641,0.026500571,0.026500571
ADRA2C,0.40549959354124737,0.038899705,0.038899705
CIDECP1,0.3664119340070751,0.022704182,0.022704182
ODAPH,0.7031152452288685,0.028624342,0.028624342
SLC25A48,1.55683379898093,0.003992832,0.003992832
VPS37D,0.23989663048896656,0.042818284,0.042818284
CYP11A1,0.41510395405263273,0.045375768,0.045375768
RHOXF1,1.7541538845643412,0.027818027,0.027818027
ATP6AP1-DT,0.23404004794200786,0.011554512,0.011554512
SLC5A12,1.1228149406745629,0.009932691,0.009932691
C12orf50,0.9723322506024331,0.030487919,0.030487919
DAG1,-0.293584664329204,0.001393945,0.001393945
DGKG,-0.5297177609691331,0.021912506000000002,0.021912506000000002
CSNK1A1P1,-0.5828365903728284,0.023337919,0.023337919
LGI4,0.7462252611999143,0.026158776,0.026158776
CIMAP2,0.7671440098814097,0.037274141,0.037274141
CFD,0.5383356049593051,0.043494249,0.043494249
COL22A1,-2.924143420053244,0.002386678,0.002386678
DHPS,0.13721307213322992,0.036670103,0.036670103
EEF1B2,-0.1257365133072919,0.014667724,0.014667724
EFNA5,0.8887161044513627,0.023221119,0.023221119
TMT1B,-0.8374218333357646,0.013199923,0.013199923
SNAI3-AS1,0.8054739232526723,0.004402216,0.004402216
EIF4B,-0.18895386009751375,0.013328496,0.013328496
RPL22L1,-0.3562654449320395,0.011629653,0.011629653
ZBTB7C,0.658587423519383,0.016046107,0.016046107
SLC25A43,-0.9091982799170093,0.032917055,0.032917055
DMTN,0.3990819956928217,0.04329815,0.04329815
AMER3,0.5387089467622855,0.049592889,0.049592889
ESR2,0.3842146979677075,2.62e-5,2.62e-5
F2RL2,1.2248169940473752,0.008428418,0.008428418
FABP6,0.7225238080592572,0.048938547,0.048938547
ZCCHC24,-0.4196668905711062,0.03246982,0.03246982
OAF,-0.36134624599139503,0.022188202,0.022188202
LRRC63,1.015979380903978,0.031092392,0.031092392
SPATS1,0.9242783734211861,0.001620006,0.001620006
PI16,1.7192385300053454,0.02002517,0.02002517
LHFPL5,0.7574958830488561,0.042849364,0.042849364
FGF5,1.2015099327338352,0.006816979,0.006816979
FGF8,-1.1732123043666436,0.004559322,0.004559322
FGFR1,-0.25193828739161916,0.037586163,0.037586163
NCBP2,-0.14701300829682615,0.02279535,0.02279535
TTC39A,0.5326565016055888,0.019132098,0.019132098
RBM34,0.09411396740411372,0.011016883,0.011016883
FSTL4,0.9019578649309524,0.037059101,0.037059101
KANK1,-0.5112260839350891,0.032469094,0.032469094
CYFIP1,-0.29294705901732643,0.001184131,0.001184131
DENND5A,-0.1647877306465526,0.047595733,0.047595733
NEMP1,-0.35215746997661,0.02007986,0.02007986
SUN1,-0.2529210035188396,0.010725735,0.010725735
CRB1,0.6546290552321048,0.038171116,0.038171116
HEY2,-1.3390567691999642,0.045480564,0.045480564
CLCF1,-0.4418048346546643,0.038462665,0.038462665
CCNDBP1,0.11703485799479726,0.024501538,0.024501538
ORC6,-0.33865481638144307,0.012315258,0.012315258
ZIM2,2.5445615478409165,0.003104318,0.003104318
PRND,1.555374764680592,0.046054818,0.046054818
CA14,-0.4081545725934608,0.021058669,0.021058669
LY96,0.5957073430151935,0.044580999,0.044580999
C21orf91-OT1,-0.8470162445233453,0.02039196,0.02039196
NR5A1,0.6904569299046834,0.021917604,0.021917604
EIF4E1B,0.3939904556292912,0.03694726,0.03694726
ASPHD1,0.27560922791004705,0.049664122,0.049664122
SLC41A1,-0.21507065518925692,0.036033316,0.036033316
GOLGA2P11,2.3737214510594007,0.023409325,0.023409325
MBLAC1,0.4348965496980412,0.020200564,0.020200564
SCML4,1.2962290843197064,0.010767368,0.010767368
NUTM1,0.613517397511793,0.033698068,0.033698068
SVIP,0.33321194085293304,0.049941622,0.049941622
BACE2,-0.8083138715104328,0.005274578,0.005274578
C1orf43,-0.09409153452310978,0.022437128,0.022437128
IL4I1,-0.26025257328273876,0.030987898,0.030987898
WWTR1,-0.24803854364903735,0.020446585,0.020446585
KANK2,-0.34555107899923515,0.023170474,0.023170474
KRT23,1.3427719713479995,0.040546807,0.040546807
REXO2,-0.29435185140403086,0.002419152,0.002419152
LRIG1,-0.6698595475903549,0.016485454,0.016485454
KIF26A,0.4597596050870688,0.049421189,0.049421189
TSPAN17,0.2718368154725873,0.047662874,0.047662874
IL1RAPL2,1.2972935909800523,0.041586166,0.041586166
AK5,0.737387990942888,0.035764542,0.035764542
GCH1,0.6661758391034943,0.001612272,0.001612272
GDF9,0.18856566603290356,0.02803143,0.02803143
GFRA3,1.109029976192263,0.014800288,0.014800288
SNORA64,-0.5058068280810452,0.045891797,0.045891797
GGTA1,1.332668996530162,0.033077686,0.033077686
CPNE7,0.31185086536092355,0.018835033,0.018835033
ANGPTL3,1.146431533614528,0.020297742,0.020297742
GNG11,-0.5803489051528569,0.036433676,0.036433676
CCR10,0.522054166816998,0.045733418,0.045733418
JAKMIP3,0.4072236419696846,0.032056998,0.032056998
WDR11-DT,1.5332743646496125,5.31904e-4,5.31904e-4
OTOGL,0.49920469600594025,0.032638698,0.032638698
TRHDE-AS1,1.0060639468086283,0.015738007,0.015738007
LINC01559,-1.4669096063628924,0.010354452,0.010354452
SIAH3,1.2254992237443205,0.002299042,0.002299042
ALDH1A2-AS1,1.4412751921835036,0.015544022,0.015544022
LINC03034,0.7562410724595489,0.014937954,0.014937954
LOC283731,0.5792538733676297,0.026485072,0.026485072
HMSD,-0.5841572767697928,0.048963369,0.048963369
RIIAD1,0.7739391367274483,0.028696907,0.028696907
LEMD1-AS1,1.1127979564986594,0.023949547,0.023949547
ESPNP,0.9452348516705855,0.011410721,0.011410721
LOC284898,1.6400755153762925,0.035688577,0.035688577
IAH1,-0.09525536151021548,0.005998303,0.005998303
FBXW12,1.0407476777742688,0.005914296,0.005914296
ZNF621,-0.30181676042133476,0.028001103,0.028001103
ANK1,0.8391469456493433,9.69332e-4,9.69332e-4
FOXD4L3,-1.1972373331066712,0.044792124,0.044792124
YIPF6,-0.15932573174792206,0.048236227,0.048236227
TRAV19,1.9479914025155782,0.042918752,0.042918752
IGLV5-52,-0.44117938233840526,0.02177682,0.02177682
GPX5,1.9062392468310225,0.016038071,0.016038071
GRIK1,1.5791341462801864,0.043540544,0.043540544
C11orf54,-0.18029121072697832,0.017480605,0.017480605
COMMD9,0.2548558412188116,0.022169967,0.022169967
CFAP20,0.2300404679481809,0.014032712,0.014032712
GRM2,0.8165906518288637,0.013877644,0.013877644
GTF2IP1,0.4102170948150234,0.028360482,0.028360482
POM121L9P,0.5485455630478607,0.038207248,0.038207248
UQCR10,0.24663301338467897,0.036037708,0.036037708
SENP1,0.13910207771978503,0.027440932,0.027440932
FAM216A,0.40087037674352166,0.046220224,0.046220224
GYPA,1.6538315026339716,0.047427522,0.047427522
PKN3,-0.4509475386199999,0.038164845,0.038164845
DONSON,-0.17967658942169923,0.033368525,0.033368525
HBQ1,0.6056060774683087,0.038111153,0.038111153
HCLS1,-1.0527729021927528,0.046660907,0.046660907
HEXB,-0.28450326919998775,0.017203076,0.017203076
KCNIP2,0.5815932804796003,0.029883014,0.029883014
HLA-A,-0.5217192454941445,0.02890419,0.02890419
HLA-DMA,0.5414288709095132,0.026645234,0.026645234
HLA-DMB,0.8043910531145922,0.003149494,0.003149494
AOAH,0.9699179877576058,0.038517018,0.038517018
HLA-G,-0.718754848353071,0.042627261,0.042627261
HLA-L,-0.6674205975258366,0.022085566,0.022085566
AOX1,0.4222246211844567,0.019738756,0.019738756
HOXC5,0.5539764355523399,0.022378966,0.022378966
HOXC6,-0.7581362942927202,0.038116241,0.038116241
HOXC8,-2.134448136572323,0.012233841,0.012233841
HOXD3,0.6658447067925775,0.027565146,0.027565146
SNAI3,0.7925879264465024,0.005361713,0.005361713
TMEM119,-1.9056504435090456,0.002249425,0.002249425
WHAMMP3,-0.5403530382147383,0.038507215,0.038507215
NUDT16-DT,0.6399326872020766,0.047154863,0.047154863
SLC35F4,1.2827942202241975,0.007212663,0.007212663
SMTNL2,0.5537167003349879,0.001348449,0.001348449
LRRC37A11P,1.8124994033115531,0.016505178,0.016505178
ZNF677,0.22980185024800506,0.047262511,0.047262511
ARHGAP40,-0.8672086029128651,0.042655605,0.042655605
NCKAP5,0.4457945539689986,0.024417243,0.024417243
IFNGR2,-0.08130167338578102,0.036414305,0.036414305
SELENOV,0.8400448611418537,0.029644677,0.029644677
HCN1,0.7300101465797854,0.037857596,0.037857596
NMNAT3,0.2907170761210569,0.001198597,0.001198597
IGSF1,0.6110270510682878,0.047084851,0.047084851
IL4,2.8588636679496,0.033616246,0.033616246
IL7,0.7171773518413099,0.008453205,0.008453205
AQP2,-1.1082311431437475,0.028111098,0.028111098
IL13,1.0669017100207279,0.021772758,0.021772758
IRF2BP2,-0.20277205295498352,0.02618575,0.02618575
ISL1,1.2582949449756426,0.005225161,0.005225161
ITGB5,-0.5540334500008786,0.039775762,0.039775762
KCNA1,1.0621835046401351,0.028065605,0.028065605
USP41P,-0.626139633306527,0.02776351,0.02776351
KCNA5,0.7592891727230588,0.028573935,0.028573935
TPTE2P6,0.8714000911446134,0.045559569,0.045559569
ASPG,1.1866799845345783,0.012790165,0.012790165
KCNC3,0.5469487039545183,0.02344452,0.02344452
ZNF568,0.34146637231801746,0.024746634,0.024746634
KCNF1,-0.5238909720428001,0.046154248,0.046154248
KCNJ9,0.5359897008534711,0.046338012,0.046338012
MIR381HG,-2.8285613145020103,0.047933815,0.047933815
ZNF582-DT,0.5349797450098542,0.035166181,0.035166181
KRTAP5-10,-1.1273446374216791,0.031282266,0.031282266
GVINP1,1.0078618517878088,0.028610652,0.028610652
FAM230I,0.5568041187477907,0.027051495,0.027051495
VGLL3,0.3681672068879697,0.017382096,0.017382096
SMIM32,0.6399893474536932,0.03148659,0.03148659
LINC00937,0.759344477390704,0.016824131,0.016824131
ACP7,-1.8530095537903861,0.020871563,0.020871563
UOX,1.5077510601306514,0.001543814,0.001543814
PTRHD1,-0.44030531628744873,0.004950823,0.004950823
LGALS3,-0.5750357717393325,0.038254409,0.038254409
EEIG1,-0.2579080649725005,0.005080716,0.005080716
MYO18A,0.21543455582723164,0.048785569,0.048785569
SHC4,0.755128313391899,0.019809261,0.019809261
GATA3-AS1,-5.037478588247762,0.023658998,0.023658998
ASIC2,1.11475607833669,0.02411254,0.02411254
LINC00517,1.6333599717800316,0.026821014,0.026821014
HERC2P2,-0.9504461223035164,0.031735638,0.031735638
LMO1,1.1266948808042716,0.004607073,0.004607073
BCRP2,0.6052556886579359,0.003147383,0.003147383
MIRLET7BHG,-1.370216068789938,0.041889107,0.041889107
HAGLR,0.38338415074376064,0.031217161,0.031217161
PRRT4,0.5427559410573202,0.009373155,0.009373155
LOC401557,0.8895133650373216,0.036122098,0.036122098
GOLGA2P3Y,-0.8087936277919248,0.031537058,0.031537058
LTA4H,-0.192620324805436,0.023373699,0.023373699
MIR124-2,1.1205015687494673,0.015727365,0.015727365
MIR218-2,0.9425116130025559,0.030408854,0.030408854
MIR224,0.9816061052260278,0.024913441,0.024913441
MAGEA5P,2.7744975028628334,0.045086631,0.045086631
MBP,0.3769706481513411,0.038082539,0.038082539
MEOX2,1.1741682896363763,0.027449015,0.027449015
MFAP2,-0.3701055847018641,0.015055221,0.015055221
MIP,1.1370483151011646,0.010193739,0.010193739
MOBP,1.7337187171931387,0.020314286,0.020314286
MPO,0.7010506682138535,0.010710013000000001,0.010710013000000001
MPP1,0.471473059196055,0.04270476,0.04270476
KRTAP5-5,-1.5062547177339878,0.023067185,0.023067185
TBC1D3P5,1.3033584037538877,0.039457692,0.039457692
ZNRF2P1,-0.4587662274874733,0.01243797,0.01243797
LOC441239,0.5622274789833013,0.026646521,0.026646521
MYO1B,0.3743108375567539,0.047169741,0.047169741
MTHFD1,-0.3012235196787089,0.015815988,0.015815988
NDUFB8,0.2157161167511872,0.047376181,0.047376181
SEPTIN2,-0.19492454040066903,0.009855765,0.009855765
NELL1,0.9862480364103444,0.041846104,0.041846104
NFATC1,-0.643637085832975,0.007337315,0.007337315
NFIC,-0.39373141362704067,0.044662962,0.044662962
NFKB2,-0.490200099301539,0.025830615,0.025830615
NKX2-2,-0.670608593165837,0.045942995,0.045942995
NPC1,-0.4689397884755954,0.005622058,0.005622058
NPPA,-1.0058671554261815,0.021621589,0.021621589
NTF3,1.4044905155665528,0.00258262,0.00258262
PAPPA-AS1,0.47951863574519615,0.024287347,0.024287347
TYMSOS,-0.4291381456047659,0.027474991,0.027474991
OR2C1,-1.256133519917228,0.031688061,0.031688061
PAPPA,0.46219028621152675,0.049015796,0.049015796
PAX5,0.5820161876524432,0.037782215,0.037782215
TAS2R8,3.416798357044656,0.004175358,0.004175358
ST8SIA3,0.7218885292331861,0.040479727,0.040479727
POLR1D,-0.233524329321147,0.038157086,0.038157086
ZNF706,0.20026309271775075,0.034889774,0.034889774
CHCHD2,-2.171939162572155,6.99272e-4,6.99272e-4
PBX3-DT,1.0625938809553934,0.04077332,0.04077332
SLC45A2,0.9286229500136565,0.048763597,0.048763597
PCSK5,-0.6482170078072277,0.034737979,0.034737979
CDKL3,0.19216553839401118,0.04910174,0.04910174
PDE4C,0.8407280345959766,0.019605898,0.019605898
RAB8B,0.2337721774204346,0.04394649,0.04394649
ATP8B1,-0.7266825504602532,0.035845444,0.035845444
PHYH,-0.2817681397174997,0.046589025,0.046589025
PLCL1,0.6014297125427952,0.043730819,0.043730819
PLCG2,-0.5137617408341778,0.041903684,0.041903684
PARP14,-0.41645782358508093,0.029374307,0.029374307
HAUS6,-0.24246798333008387,0.017006393,0.017006393
BEST2,1.0843258949056453,0.024782956,0.024782956
MTMR10,-0.2776918115025335,0.013684119,0.013684119
CYP2W1,-0.5035759775791451,0.01964994,0.01964994
SOHLH2,1.1814165888967127,0.02725353,0.02725353
TMEM132A,-0.450896770432361,0.031344329,0.031344329
TRMT61B,0.29169861600811725,0.031759743,0.031759743
PARPBP,-0.4258796301589978,0.017529392,0.017529392
MCUB,-0.36776118413266223,0.020533384,0.020533384
MRPL20,0.13082763504451456,0.017194124,0.017194124
CRYBG2,0.6014121686822583,0.019729747,0.019729747
NBDY,0.20417872478172017,0.02233685,0.02233685
WDR70,0.1364696433787672,0.026910921,0.026910921
CRTAC1,0.6970202664742919,0.035593098,0.035593098
ODAD2,1.1064609806766836,0.010391471,0.010391471
ELP3,0.24476352626781273,0.028190169,0.028190169
P3H2,-0.3207587704386102,0.033646129,0.033646129
QRSL1,-0.2644663609051486,0.039353088,0.039353088
PRB3,-1.350578967252426,0.017610344,0.017610344
GPRC5D,0.6440290987627405,0.049805048,0.049805048
DHTKD1,-0.2465395504556601,0.021519504,0.021519504
PIP4P2,0.558868432329129,0.0106907,0.0106907
CHRNA9,0.723454510684697,0.012485566,0.012485566
KIF16B,-0.4336951511143146,0.039462735,0.039462735
DOCK10,0.9513672283749709,0.033215208,0.033215208
NLRP2,-1.787431901213814,0.026948107,0.026948107
TMEM30A,0.3305869301187029,0.019642245,0.019642245
EXOC2,-0.1320816498966966,0.009971403,0.009971403
METTL2B,0.2937892994060693,0.022130145,0.022130145
PRKCE,0.7298512853224279,0.034898549,0.034898549
RNF114,-0.25640018493307704,0.04920811,0.04920811
PRKG1,0.6481304678771039,0.035098778,0.035098778
PRKG2,0.856944744141908,0.008656457,0.008656457
PRKY,-0.3920521491660847,0.040696964,0.040696964
ANKH,0.5940225512036691,0.013319077,0.013319077
PRMT8,0.718006309265926,0.002394834,0.002394834
PRPSAP2,0.11401531367291425,0.048536279,0.048536279
PSAP,-0.21443031735162293,0.033877919,0.033877919
AGPAT3,-0.28024814493894334,0.031818217,0.031818217
DHX33,-0.29530957694535015,0.037525792,0.037525792
NIT2,-0.2561550107165289,0.00303155,0.00303155
SHD,0.7942220732403873,0.022366791,0.022366791
PLAAT1,0.4041535836033822,0.041044507,0.041044507
CAMK1G,0.7329823819408726,0.009162641,0.009162641
NIPAL3,0.23074168866569825,0.023385895,0.023385895
NWD2,1.3583118826481742,0.009393759,0.009393759
GPR158,1.1250567257473103,0.042862076,0.042862076
ARHGAP31,-0.6210164241086433,0.013989093,0.013989093
SORCS2,0.29232179537788444,0.022354839,0.022354839
KCNT1,0.6080339921526738,0.04617796,0.04617796
ISLR2,0.6855956477906481,0.022137842,0.022137842
NYAP2,0.6749762713602115,0.041946359,0.041946359
NEUROD4,0.9422739186265652,0.028660819,0.028660819
RARRES2,-0.7795577842851366,0.005275291,0.005275291
TLNRD1,0.41767674524862214,0.046448504,0.046448504
RGS4,1.5428704957444301,0.00940661,0.00940661
SPCS3,0.2466059670441785,0.044775979,0.044775979
KLKP1,1.1275877479480576,0.036455387,0.036455387
RPS4Y1,-0.27209441975379123,0.004946125,0.004946125
LINC00051,3.0330410134283436,0.001691754,0.001691754
MIR486-1,0.8628372666405915,0.012190663,0.012190663
RYR1,0.6486176326538662,0.030144011,0.030144011
SORT1,-0.32825849141188385,0.029180445,0.029180445
BCAN,0.567475074144795,0.0223554,0.0223554
XPNPEP3,-0.288981457821143,0.021169756,0.021169756
NEUROG2,0.8196953492291801,0.018455407,0.018455407
ECSCR,-0.876772174002829,0.017352056,0.017352056
ISL1-DT,1.5598901686563313,0.001600702,0.001600702
SFRP4,-0.8983855278534506,0.006854853,0.006854853
FAM230E,1.1952157936046026,0.01386272,0.01386272
PURPL,-0.7902468644414226,5.04e-5,5.04e-5
SCGB1B2P,0.619150656187831,0.016003584,0.016003584
SPDYE10,0.5195192600767474,0.001343199,0.001343199
CDH22,0.9387032626672724,0.008238643,0.008238643
TEX14BP,0.9439434248350634,0.033573739,0.033573739
NR2F2-AS1,1.0063410243697686,0.020399924,0.020399924
LSP1P5,-0.5008114597552434,0.0038779,0.0038779
LINC01896,-1.7584846564237346,0.027540867,0.027540867
CLEC7A,1.6314493239745123,0.002806523,0.002806523
BNC1,0.7043728100720857,0.009854785,0.009854785
VPS16,0.19322533815366227,0.021809272,0.021809272
SERTAD4BP,1.1298991894956774,0.008335985,0.008335985
COL6A4P2,0.8817131298595752,0.042534999,0.042534999
SHMT1,-0.736689558474743,0.009736476,0.009736476
SMYD3,0.287438593227424,0.034150061,0.034150061
ELOVL1,-0.2080197299430042,0.039829581,0.039829581
SLC13A3,-0.21423373178625962,0.019629963,0.019629963
CES5AP1,-0.4290375555094543,0.046058201,0.046058201
MRPS15,0.10960680024681284,0.039826597,0.039826597
SLA,0.6206355447586703,0.029245358,0.029245358
VPS33A,0.2332949243548894,0.00229087,0.00229087
FAM230A,1.2711566027205556,0.017842841,0.017842841
H3C13,-0.9604179616937522,0.035481911,0.035481911
LSP1P4,0.5130358444318893,0.028206588,0.028206588
SLC9A2,0.7269379053982123,0.029791111,0.029791111
SLC22A3,0.7659896395532416,0.037658856,0.037658856
SLIT3,0.6300280762902544,0.015472136,0.015472136
SNCG,0.6441389422959435,0.004386272,0.004386272
SOAT1,-0.1368508689159066,0.042671818,0.042671818
SOX2,-0.6022513151527302,0.036184343,0.036184343
SPP2,2.987622962110816,0.046769076,0.046769076
SRP68,-0.09106795016429375,0.019146737,0.019146737
SSTR1,0.5406329450295023,0.045919647,0.045919647
ZFP36L1,-0.4422271683062027,0.036793782,0.036793782
STAT4,0.6859388624626915,0.022103199,0.022103199
SCARNA3,2.437371570249883,0.014535569,0.014535569
SNORA14A,3.8660386472664765,6.87311e-4,6.87311e-4
SNORA15,-1.0902746509104462,0.034169017,0.034169017
ZFP36L2,-0.8385383324388195,0.041093101,0.041093101
SURF1,-0.3674464792802403,0.037792477,0.037792477
BTC,-1.0651117374794392,0.014003014,0.014003014
SNORD78,-0.8640613424594517,0.026087919,0.026087919
TGFBI,0.6577971868436092,0.017028018,0.017028018
TGM3,0.7577851288924886,0.020119071,0.020119071
TNFAIP2,-0.9518011518895826,0.026007873,0.026007873
DDX11L16,-1.162016035539105,0.029087015,0.029087015
TULP2,0.2876723448113662,0.035053098,0.035053098
C6,1.3962927529687472,0.021562439,0.021562439
LINC01873,0.9844008737766848,0.01790061,0.01790061
MEIS1-AS3,0.9405028962943032,0.046640295,0.046640295
UBE2G2,-0.1794769383020369,0.006062964,0.006062964
VIM,-0.6043385349578311,0.017516729,0.017516729
MPPED2,1.044256696198367,0.021585411999999998,0.021585411999999998
WIPF1,-0.337618368290034,0.042996391,0.042996391
XRCC3,-0.44822035095829715,0.026261703,0.026261703
CNBP,-0.17867014502226847,0.005144407,0.005144407
SNORD114-23,-3.851624620375386,0.010972805,0.010972805
HAR1A,0.8337383382849926,0.01197796,0.01197796
ZNF132,1.1892594005977177,0.044999178,0.044999178
TRIM25,-0.5226799828809517,0.04266408,0.04266408
SEMA3B,-0.8600052055188192,0.039139994,0.039139994
MANF,-0.22706345779204534,0.023994007,0.023994007
LINC01260,0.7124880199783631,0.023031686,0.023031686
GGCT,-0.2167573204106729,0.032001799,0.032001799
METTL16,-0.13326653067730995,0.0346795,0.0346795
CCDC28B,0.32052446754699154,0.004408126,0.004408126
TNIP2,-0.19802936453282874,0.041845742,0.041845742
IRX6,2.234807677402712,0.011091978,0.011091978
CALCA,1.714251956303543,0.008208674,0.008208674
GALNT12,0.3070294782689868,0.021117154,0.021117154
CALCB,1.8024699905157389,0.01222858,0.01222858
COLGALT1,-0.38736465033468503,0.006703488,0.006703488
LIN28A,0.8954812073935803,0.037914537,0.037914537
C1orf115,0.48610786165781456,0.045590826,0.045590826
ARHGAP28,1.2049096692763024,0.001512369,0.001512369
THSD4,-1.024410164259168,0.025125304,0.025125304
MAGIX,-0.19198409747922193,0.035102312,0.035102312
TNIP3,0.715489673031815,0.043898863,0.043898863
LRRTM4,0.8120871788015005,0.046105634,0.046105634
CCDC33,0.7134919150773157,0.021038616,0.021038616
RUBCNL,0.8282933811561409,0.020411387,0.020411387
CEP63,0.24059838863044156,0.029509085,0.029509085
ULBP2,-1.2412982693448091,0.025444727,0.025444727
SSPN,-1.0320676378308833,0.035741345,0.035741345
COLEC12,-1.104238621846855,0.043294131,0.043294131
OR51E2,1.4484432874014632,0.035819429,0.035819429
TRIM56,-0.4045643874224816,0.00217245,0.00217245
FZD7,-0.7585996803741157,0.040203458,0.040203458
TCF7L1,-0.40993120394993526,0.035452021,0.035452021
H3C1,0.6806123782490076,0.040495024,0.040495024
MFRP,-0.684920062464085,0.022305963,0.022305963
RAMAC,0.24573086561093085,0.022362342,0.022362342
DYNLRB1,0.25562642553741305,0.015839803,0.015839803
SLC25A18,-0.2847804186336804,0.034443049,0.034443049
USHBP1,-1.8040728646471704,0.017675924,0.017675924
BRIP1,-0.47951909438293633,0.024820262,0.024820262
SPARCL1,-1.2333632315881167,0.049326063,0.049326063
TOMM40L,0.46420274712286275,0.021391184,0.021391184
LLPH,0.17491154054551655,0.002042416,0.002042416
CDIN1,0.33791132145057373,0.04252522,0.04252522
CASR,-3.209270006053046,0.03379441,0.03379441
NTNG2,0.6351065544642779,0.045270223,0.045270223
DDX11L2,-1.4412255512140348,0.042929682,0.042929682
ARHGAP5-AS1,0.39420030930554145,0.021801801,0.021801801
RIOX2,-0.40211160889348635,0.018446742,0.018446742
HSH2D,1.1343366248047706,0.023231785,0.023231785
DISP1,0.40016438934261755,0.038219298,0.038219298
UBL7,0.18739881580218834,0.019071069,0.019071069
PPFIA3,0.4340958353217245,0.017652316,0.017652316
PIR,-0.5057730117149473,0.028072037,0.028072037
LRRCC1,-0.45565968387068034,0.009998086,0.009998086
LBX2,-0.5854309852332067,0.012000193,0.012000193
PDLIM4,-0.5699471893485332,0.028074837,0.028074837
TNFSF11,1.4612972560672823,7.6964e-4,7.6964e-4
KCNK5,0.6222975969624435,0.041557613,0.041557613
PDE5A,0.7920587348268883,0.02241128,0.02241128
ADAM7,1.6096857730757426,0.014513733,0.014513733
TNFRSF18,-0.9825932595859739,0.044203675,0.044203675
SCEL,1.6072074802762597,0.039587703,0.039587703
IL18R1,0.9801004427626694,0.012624821,0.012624821
CCIN,0.3808976445301218,0.035608524,0.035608524
CFLAR,-0.19934304688212973,0.018151824,0.018151824
PROM1,-0.7562133539255602,0.0364691,0.0364691
ALDH1A2,1.3604492073408037,0.006246046,0.006246046
SPHK1,-0.5524292940868433,0.019974224,0.019974224
CACNA1I,0.6357448785122426,0.031490672,0.031490672
LINC01621,1.2852208339113032,0.013953287,0.013953287
KLHL6,0.9103588403517803,0.028224587,0.028224587
UBE3D,0.300864183978978,0.028590471,0.028590471
ZNF835,1.5639138992410544,0.034244693,0.034244693
CLDN10,-0.5912678924771504,0.027826486,0.027826486
RAPGEF4-AS1,0.6974696216542047,0.023180862,0.023180862
IGFN1,1.5286772173011713,0.036982723,0.036982723
DDX60L,-0.3926632618179031,0.046362572,0.046362572
EXOC3L4,-1.5855227040818431,0.044134509,0.044134509
LARGE1,0.5862488985339517,0.010075756,0.010075756
IL32,-0.5354638878241265,0.02727031,0.02727031
SPSB4,0.6467335039052362,0.023524759,0.023524759
CRLF1,0.8330281409959107,0.009225022,0.009225022
SNORD25,0.8289251215805186,0.0011944,0.0011944
NT5C1B,1.075499030186088,0.016098272,0.016098272
TRIP10,-0.4492567286722148,0.033149433,0.033149433
ZNHIT3,0.19137010375627972,0.024264357,0.024264357
SLIT2,0.6575199131095264,0.037388667,0.037388667
EGFEM1P,0.5924915481539139,0.039587709,0.039587709
RAB33A,0.49365785290510805,0.026152349,0.026152349
TJP2,-0.6065643169613865,0.026461802,0.026461802
ECEL1,0.6167240893613765,0.033898867,0.033898867
IL27RA,-0.4794444810213271,0.036466864,0.036466864
CHST3,-0.649402252056549,0.036268204,0.036268204
SLC4A8,0.6367638094544481,0.01971218,0.01971218
CXCL14,1.2391856381237734,0.047708013,0.047708013
SPAG7,0.15469179657420204,0.016733507,0.016733507
CD44,-0.8279392550673623,4.68347e-4,4.68347e-4
PDIA4,-0.2757766894857871,0.023733359,0.023733359
ABCG1,0.494890806823789,0.014890206,0.014890206
WSCD2,1.1305876909146568,8.52e-5,8.52e-5
GREB1,0.5002242731055286,0.023614302,0.023614302
SEC14L5,0.38310066230624445,0.026872041,0.026872041
RIPOR2,-0.44075037627221536,0.006135074,0.006135074
RASSF2,-0.8182320885906587,0.030988815,0.030988815
MELK,-0.3880345719784748,0.042703528,0.042703528
RUSC2,0.259876118744056,0.028808483,0.028808483
FIG4,0.2997283866126938,0.002373727,0.002373727
GFPT2,-0.3289826240388162,0.045790333,0.045790333
NR1H4,2.9335636746404816,0.026865665,0.026865665
